USE employeeTracker;

INSERT INTO department (
    id,
    name 
)
VALUES
    (
        1,
        "Development"
    ),
    (
        2,
        "Marketing"
    ),
    (
        3,
        "Design"
    ),
    (
        4,
        "Sales"
    ),
    (
        5,
        "Accounting"
    );

INSERT INTO role (
    id,
    title,
    salary,
    department_id
)
VALUES
    (
        1,
        "Web Developer",
        80000.00,
        1
    ),
    (
        2,
        "Project Manager",
        60000.00,
        1
    ),
    (
        3,
        "Paid Media Specialist",
        50000.00,
        2
    ),
    (
        4,
        "Marketing Automation Manager",
        75000.00,
        2
    ),
    (
        5,
        "Graphic Designer",
        70000.00,
        3
    ),
    (
        6,
        "Account Executive",
        100000.00,
        4
    ),
    (
        7,
        "Accountant",
        70000.00,
        5
    );

INSERT INTO employee (
    id,
    first_name,
    last_name,
    role_id,
    manager_id
)
VALUES
    (
        1,
        'Sleve',
        'McDichael',
        1,
        NULL
    ),
    (
        2,
        'Onson',
        'Sweemey',
        1,
        1
    ),
    (
        3,
        'Darryl',
        'Archideld',
        1,
        1
    ),
    (
        4,
        'Anatoli',
        'Smorin',
        2,
        1
    ),
    (
        5,
        'Rey',
        'McSriff',
        3,
        NULL
    ),
    (
        6,
        'Glenallen',
        'Mixon',
        3,
        5
    ),
    (
        7,
        'Mario',
        'Mcrlwain',
        4,
        NULL
    ),
    (
        8,
        'Raul',
        'Chamgerlain',
        4,
        7
    ),
    (
        9,
        'Kevin',
        'Nogily',
        5,
        NULL
    ),
    (
        10,
        'Tony',
        'Smehrik',
        5,
        9
    ),
    (
        11,
        'Bobson',
        'Dugnutt',
        5,
        9
    ),
    (
        12,
        'Willie',
        'Dustice',
        5,
        9
    ),
    (
        13,
        'Jeromy',
        'Gride',
        6,
        NULL
    ),
    (
        14,
        'Scote',
        'Dourque',
        6,
        13
    ),
    (
        15,
        'Shown',
        'Furcotte',
        6,
        13
    ),
    (
        16,
        'Dean',
        'Wesrey',
        6,
        NULL
    ),
    (
        17,
        'Mike',
        'Truk',
        6,
        16
    ),
    (
        18,
        'Dwigt',
        'Rortugal',
        6,
        16
    ),
    (
        19,
        'Tim',
        'Sandaele',
        7,
        NULL
    ),
    (
        20,
        'Karl',
        'Dandleton',
        7,
        19
    ),
    (
        21,
        'Mike',
        'Sernandez',
        7,
        19
    ),
    (
        22,
        'Todd',
        'Bonzalez',
        7,
        19
    );